Region,Counties
Central Coast,Monterey
Central Coast,San Benito
Central Coast,San Luis Obispo
Central Coast,Santa Barbara
Central Coast,Santa Cruz
Central Coast,Ventura
Greater Bay Area,Alameda
Greater Bay Area,Contra Costa
Greater Bay Area,Marin
Greater Bay Area,Napa
Greater Bay Area,San Francisco
Greater Bay Area,San Mateo
Greater Bay Area,Santa Clara
Greater Bay Area,Solano
Greater Bay Area,Sonoma
Inland Empire,Riverside
Inland Empire,San Bernardino
Los Angeles County,Los Angeles
Northern and Sierra,Alpine
Northern and Sierra,Amador
Northern and Sierra,Butte
Northern and Sierra,Calaveras
Northern and Sierra,Colusa
Northern and Sierra,Del Norte
Northern and Sierra,Glenn
Northern and Sierra,Humboldt. Inyo
Northern and Sierra,Lake
Northern and Sierra,Lassen
Northern and Sierra,Mariposa
Northern and Sierra,Mendocino
Northern and Sierra,Modoc
Northern and Sierra,Mono
Northern and Sierra,Nevada
Northern and Sierra,Plumas
Northern and Sierra,Shasta
Northern and Sierra,Sierra
Northern and Sierra,Siskiyou
Northern and Sierra,Sutter
Northern and Sierra,Tehama
Northern and Sierra,Trinity
Northern and Sierra,Tuolumne
Northern and Sierra,Yuba
Orange County,Orange
Sacramento Area,El Dorado
Sacramento Area,Placer
Sacramento Area,Sacramento
Sacramento Area, Yolo
San Diego Area,Imperial
San Diego Area,San Diego
San Joaquin Valley,Fresno
San Joaquin Valley,Kern
San Joaquin Valley,Kings
San Joaquin Valley,Madera
San Joaquin Valley,Merced
San Joaquin Valley,San Joaquin
San Joaquin Valley,Stanislaus
San Joaquin Valley,Tulare
